"filename", "language", "Markdown", "comment", "blank", "total"
"c:\Users\fonda\Documents\1 - Portfolio\BreachLabs Tracks\1 - Ghost\README.md", "Markdown", 0, 0, 1, 1
"c:\Users\fonda\Documents\1 - Portfolio\BreachLabs Tracks\1 - Ghost\Track I - Fundamentals\Level 0\Level-0.md", "Markdown", 37, 0, 11, 48
"c:\Users\fonda\Documents\1 - Portfolio\BreachLabs Tracks\1 - Ghost\Track I - Fundamentals\Level 1\README.md", "Markdown", 58, 0, 26, 84
"c:\Users\fonda\Documents\1 - Portfolio\BreachLabs Tracks\1 - Ghost\Track I - Fundamentals\Level 2\README.md", "Markdown", 40, 0, 19, 59
"c:\Users\fonda\Documents\1 - Portfolio\BreachLabs Tracks\1 - Ghost\Track I - Fundamentals\Level 3\README.md", "Markdown", 49, 0, 22, 71
"c:\Users\fonda\Documents\1 - Portfolio\BreachLabs Tracks\1 - Ghost\Track I - Fundamentals\Level 4\README.md", "Markdown", 95, 0, 37, 132
"c:\Users\fonda\Documents\1 - Portfolio\BreachLabs Tracks\1 - Ghost\Track I - Fundamentals\Level 5\README.md", "Markdown", 149, 0, 74, 223
"c:\Users\fonda\Documents\1 - Portfolio\BreachLabs Tracks\1 - Ghost\Track I - Fundamentals\Level 6\README.md", "Markdown", 94, 0, 38, 132
"c:\Users\fonda\Documents\1 - Portfolio\BreachLabs Tracks\1 - Ghost\Track II - Secrets Sprawl\Level 1\README.md", "Markdown", 192, 0, 94, 286
"c:\Users\fonda\Documents\1 - Portfolio\BreachLabs Tracks\1 - Ghost\Track II - Secrets Sprawl\Level 2\README.md", "Markdown", 244, 0, 70, 314
"c:\Users\fonda\Documents\1 - Portfolio\BreachLabs Tracks\1 - Ghost\Track II - Secrets Sprawl\Level 3\README.md", "Markdown", 87, 0, 28, 115
"c:\Users\fonda\Documents\1 - Portfolio\BreachLabs Tracks\1 - Ghost\Track II - Secrets Sprawl\Level 4\README.md", "Markdown", 58, 0, 22, 80
"Total", "-", 1103, 0, 442, 1545